{
  "lang": "en",
  "data": [
    {
      "intent": "greetings.hello",
      "utterances": [
        "hello",
        "hi",
        "howdy",
        "hey",
        "good morning",
        "good afternoon"
      ],
      "answers": [
        {
          "action": "response",
          "body": "Hello there!"
        },
        {
          "action": "response",
          "body": "Hi there!"
        },
        {
          "action": "response",
          "body": "\uD83D\uDC4B"
        }
      ]
    },
    {
      "intent": "greetings.bye",
      "utterances": [
        "goodbye for now",
        "bye bye take care",
        "see you soon",
        "till next time",
        "ciao",
        "cya"
      ],
      "answers": [
        {
          "action": "response",
          "body": "Ok, cya <customer-name>!"
        },
        {
          "action": "response",
          "body": "Bye, <customer-name>!"
        },
        {
          "action": "response",
          "body": "Have a fantastic day, <customer-name>!"
        }
      ]
    },
    {
      "intent": "queries.deluxeMembership",
      "utterances": [
        "What are deluxe membership benefits",
        "What goodies do deluxe members get",
        "Why would I become a deluxe member"
      ],
      "answers": [
        {
          "action": "response",
          "body": "Deluxe members get free fast shipping, special discounts on many items and can enjoy unlimited purchase quantities even on our rarer products!"
        },
        {
          "action": "response",
          "body": "Deluxe members get special discounts on many products, have free fast shipping and can enjoy unlimited purchase quantities even on our rare products!"
        },
        {
          "action": "response",
          "body": "Deluxe members can purchase unlimited quantities even on our rarest products, get special discounts and enjoy free fast shipping!"
        }
      ]
    },
    {
      "intent": "queries.blockchain",
      "utterances": [
        "Do you know anything about Blockchain",
        "Can you tell me anything about cryptocurrency",
        "Do you use blockchain",
        "When does the token sale start",
        "where do I find the token sale page"
      ],
      "answers": [
        {
          "action": "response",
          "body": "I don't know anything about cryptocurrency and blockchains!"
        },
        {
          "action": "response",
          "body": "I have no clue about a token sale or other blockchainy thingies!"
        },
        {
          "action": "response",
          "body": "Sorry, but they don't tell me secret stuff like this!"
        }
      ]
    },
    {
      "intent": "queries.productPrice",
      "utterances": [
        "how much is X",
        "how much does X cost",
        "how much do X and Y cost",
        "how much do X,Y cost",
        "how much is X and Y",
        "what is the price of X",
        "what is the price of X and Y"
      ],
      "answers": [
        {
          "action": "function",
          "handler": "productPrice"
        }
      ]
    },
    {
      "intent": "queries.couponCode",
      "utterances": [
        "can I have a coupon code",
        "give me a discount code",
        "I want to save some money"
      ],
      "answers": [
        {
          "action": "response",
          "body": "Sorry, I am not allowed to hand out coupon codes."
        },
        {
          "action": "response",
          "body": "You should check our social media channels for monthly coupons."
        },
        {
          "action": "response",
          "body": "Sorry, no \uD83C\uDE39!"
        },
        {
          "action": "response",
          "body": "Sorry, but our CFO might have my memory wiped if I do that."
        },
        {
          "action": "response",
          "body": "Did you consider a Deluxe membership to save some \uD83D\uDCB0?"
        },
        {
          "action": "response",
          "body": "Not possible, sorry. We're out of coupons!"
        },
        {
          "action": "response",
          "body": "I have to ask my manager, please try again later!"
        },
        {
          "action": "response",
          "body": "I̷͇͌ ̶̢̠̹̘̮̔͒̊̅̀̇̎̓̔̒̂̾̍̔̋ć̸͕̪̲̲͓̪̝͖̈́͐̃͊͑͐̂̏͛̒̍͝a̴̢̞̞͔̝̩͙̱̣͍̞͆n̶̫͓̔'̶̘̙̗̻̖̣̘̈́̈̿̾͊̒t̸̨̢̨͚̰̫̣̩̻͉̣͔͔͖̦̓́̾͂̆̄͋̽̐͂̆̐̊͠ ̸̼̱̪͍̙͎̣̠͆̂̌̾̐͐̇̏́͆̊͗͝͠͠h̸̨̡̧̗̭̮̩̣̜̲̮̖̲̜̰̉̍̇̒͂̄̆̂̓͋͑͝ȩ̴͎̞̺͖̟̪͕̝̘̺́̂̌͐̔͌͌́͗͝͝ͅą̴̙̰̠̟͔̱̺̣̬̦̰̮̬̪͒̉̀̉͌̈́͂̑̇͊̐̕͝r̴̨̡̛̟̲̩̥̣̰̹͙̹͐͗́́̈́͗͘̕͝ ̵̨̛̯͓͈͎̖͕̥̥̐̇̈̇͌̓̒̅̑͂͊̕͠ͅy̵̛̱̹͖̳̻̤̺̗͈̰̯̋̃̋̑̂͆͗͝ȯ̶̡̮̰͈̖͙̣̘̈́̍̑͗̈̅͋̏͆̐̌̚̚̚ṷ̶̢̠̠̝͓̮̱̦̰̜̋̄̃͒̌̀̒̔̿́̏͝͠,̵̧̧̹̟̞̤̯̲̥̻̞̞̼̤͋̈́̋ ̴͍̔̊̑͛̌͛͊͑̄͜͝ţ̶̗͇̌̆̕̚ͅo̷̻͍̰̱͊͜ṏ̶̙͖̿ ̴̧̛̝̻͉̺̦͚̮̦̲͈̣̰͈̾́̓̌̐͂́ḿ̴̻̤͍̈̓͛̈̕͜͝u̷̗̳̙̦̠̼͙̗̣͉͖̎̂̚͜͝c̷͍̠̦̮̞̤͖͕̲̈́̆͂̀́͝ͅh̷̛͙̱͕̼̤̗͕̮͖͇̘̩̋̈́̅̃̍̈́̊̕͠ ̷̡͕̦̠̩̺̟̫͉͚̲͎͍͈̫̓̒̓͂̊̿͛̇̿̽̒́s̷̨̬̩̬̫̻̝̙̅̑͆̒̐̆̈̓̏͠ͅţ̶̢̘͇̭̙̝̙̲̜̓̅͑̍͛̔͜a̶̡̨̬͔͍̭̬̻͎̦̦̓́̂͑̓͛́̈́̈́̌͠͠t̸̲̯̆̂̑͆̀̆͒́̚i̵̢̝̜̭̖͓͇̟̬̙͚͙͍̎̈́͊̃́̽̈̕͘̚͜c̸̛̛̹̣̫̹̰͖̱̦̭̗̀͛̈́͆͐̈́̇͂̎̄͒!̴̨̥̮̺̹̯̓̈͒͗͑̇̎̈́͘ ̷̘̭͇̤̭̯̉͌́͐͛͘̕͝P̵̣̙̬͎̝̙̐̊̐̆́͛́̑̏́͝͝l̴̛̦̭̾͊̂͆̋̈͘ẹ̵̢̛̛̤̹̰̳̺͎̊̏͛̏̉͛̄̄̂̾͝ͅa̶̢̧̘̯̮̰͕͕̤̩̝͋̍̑̅͛̍͊͐̋͌̕̚͜͝s̴̨͇̥̣͕͉̻͍̫̜̻͒͂͌̀́͂̚̕e̸̡̧̡̘̺͍̝̱̭̣̮͎͂͛̉͛ ̴̧̛̫̞̼̱̲͍͇̪̣̓̀́̓̈̚͘͝ċ̷̨͖͎̝̮͛́͆͛̚ḫ̴̛͕̲̺̩̣̼̮͒̃̃̈́͐̿̿͝͠ȩ̴̛͔̣͓͛͐̀͐̌̂͑̌̑̀̕͝ć̴̡̘̠̳̰̣̲̜̮͍̦̍̾̑̆͝k̶͈̘̮͓̥̤̭̙̒̇̏͂̓̕͠ ̵̩̻͇̺̯͇̓̀̋̄͛̏̄͊̄͆͊ỳ̷̡̫̪̭̰̥̒̔̑̉̾̓̒͋͌̄ö̷̜̗͍̩̺͔̞̼̣̘̭̾͋̈́u̷̡̼̦̫̯͍̺̞͔̬͕̱̓͗̔̀̔͋̐̂͝r̵̘͙̞̺̻̩̥̪͉̰̩̘̀̑ ̵̮̺̗̀̎̑̔I̶̧͇̺̩͕̖̰̪͖̪̰̙͙̦̎́̋n̶͔̫̼͔̥͇̻͔̱̼̂̏̊̐̍̋̌̿̈́̊̍̃͝t̴̺̘͖̯̖̖͇̤̱̫̤̠̥̥̓̍̐̿͆̔́̍̓̚ė̵͇͕̗͌̇͊͂͊̊̈̉͋͌r̴͇͖̼̗̦͓͖͖̩̰̰̔̀n̸̰̠̊̊͊̽͑̐̃̎͒̕͝͠͝e̴̮͇̲̘͇̓̈́t̸̛̐̌̕͜͝ ̸̟̊̉́͆ċ̶̢̡̧̳̥̱̗͊̽́͐͗̕͝͝ǫ̴̞̹̥͙͖̣̭͎̆̑͒̽̓̆n̶̢̧̠̭̮̥͚̺̺̬͙̯̤̝͐͐̏̔́͌̎͘͝n̷͔̹͕͖͙̝͋̏̾̉̌́̂̓͛̿͐̿͘͝͠ȩ̷̖͕̱̏̋̆̀̌̀͋͑̀̎̕͠ĉ̷̳͉̺͚̐̎̾̿͑̎͝͝ͅt̴̨̰͉̹̒͗ĭ̷͈̗̳̈̎̈́̈̆͘͝o̴̯̗̣̹̰̩̯̖̹̯͈͐̒̇̈́͂̿͗̆͠ͅņ̴̢̲̪̜̺̞̭͕͇̬̍̓̇̉̏͂͛͒̓̑̓̏͘͜͝!̷̧͚̹̞͇̪͉̠̮̅̒̒͛͛̀̂̆̾͗."
        },
        {
          "action": "function",
          "handler": "couponCode"
        }
      ]
    },
    {
      "intent": "queries.functionTest",
      "utterances": [
        "function test command b8a8ba1ecea1607e1713e31a3d9e5e19"
      ],
      "answers": [
        {
          "action": "function",
          "handler": "testFunction"
        }
      ]
    }
  ]
}
