{
  "annotations": {
    "list": [
      {
        "builtIn": 1,
        "datasource": "-- Grafana --",
        "enable": true,
        "hide": true,
        "iconColor": "rgba(0, 211, 255, 1)",
        "name": "Annotations & Alerts",
        "type": "dashboard"
      }
    ]
  },
  "editable": true,
  "gnetId": null,
  "graphTooltip": 0,
  "id": 7,
  "iteration": 1588242543747,
  "links": [],
  "panels": [
    {
      "collapsed": false,
      "datasource": null,
      "gridPos": {
        "h": 1,
        "w": 24,
        "x": 0,
        "y": 0
      },
      "id": 25,
      "panels": [],
      "title": "Challenge Progress",
      "type": "row"
    },
    {
      "cacheTimeout": null,
      "colorBackground": false,
      "colorPostfix": false,
      "colorPrefix": false,
      "colorValue": true,
      "colors": [
        "#C8F2C2",
        "#56A64B",
        "#37872D"
      ],
      "datasource": "Prometheus",
      "decimals": 0,
      "description": "",
      "format": "percent",
      "gauge": {
        "maxValue": 100,
        "minValue": 0,
        "show": false,
        "thresholdLabels": false,
        "thresholdMarkers": true
      },
      "gridPos": {
        "h": 4,
        "w": 4,
        "x": 0,
        "y": 1
      },
      "id": 2,
      "interval": null,
      "links": [],
      "mappingType": 1,
      "mappingTypes": [
        {
          "name": "value to text",
          "value": 1
        },
        {
          "name": "range to text",
          "value": 2
        }
      ],
      "maxDataPoints": 100,
      "maxPerRow": 6,
      "nullPointMode": "connected",
      "nullText": null,
      "pluginVersion": "6.7.3",
      "postfix": "",
      "postfixFontSize": "50%",
      "prefix": "",
      "prefixFontSize": "50%",
      "rangeMaps": [
        {
          "from": "null",
          "text": "N/A",
          "to": "null"
        }
      ],
      "repeat": "difficulties",
      "repeatDirection": "h",
      "scopedVars": {
        "difficulties": {
          "selected": true,
          "text": "1",
          "value": "1"
        }
      },
      "sparkline": {
        "fillColor": "rgba(31, 118, 189, 0.18)",
        "full": true,
        "lineColor": "rgb(31, 120, 193)",
        "show": true,
        "ymax": 100,
        "ymin": 0
      },
      "tableColumn": "",
      "targets": [
        {
          "expr": "sum without (category)(juiceshop_challenges_solved{difficulty=\"$difficulties\"}) / sum without (category)(juiceshop_challenges_total{difficulty=\"$difficulties\"}) * 100",
          "legendFormat": "",
          "refId": "A"
        }
      ],
      "thresholds": "20,60",
      "timeFrom": null,
      "timeShift": null,
      "title": "Solved $difficulties Star Challenges",
      "type": "singlestat",
      "valueFontSize": "120%",
      "valueMaps": [
        {
          "op": "=",
          "text": "N/A",
          "value": "null"
        }
      ],
      "valueName": "current"
    },
    {
      "cacheTimeout": null,
      "colorBackground": false,
      "colorPostfix": false,
      "colorPrefix": false,
      "colorValue": true,
      "colors": [
        "#C8F2C2",
        "#56A64B",
        "#37872D"
      ],
      "datasource": "Prometheus",
      "decimals": 0,
      "description": "",
      "format": "percent",
      "gauge": {
        "maxValue": 100,
        "minValue": 0,
        "show": false,
        "thresholdLabels": false,
        "thresholdMarkers": true
      },
      "gridPos": {
        "h": 4,
        "w": 4,
        "x": 4,
        "y": 1
      },
      "id": 92,
      "interval": null,
      "links": [],
      "mappingType": 1,
      "mappingTypes": [
        {
          "name": "value to text",
          "value": 1
        },
        {
          "name": "range to text",
          "value": 2
        }
      ],
      "maxDataPoints": 100,
      "maxPerRow": 6,
      "nullPointMode": "connected",
      "nullText": null,
      "pluginVersion": "6.7.3",
      "postfix": "",
      "postfixFontSize": "50%",
      "prefix": "",
      "prefixFontSize": "50%",
      "rangeMaps": [
        {
          "from": "null",
          "text": "N/A",
          "to": "null"
        }
      ],
      "repeat": null,
      "repeatDirection": "h",
      "repeatIteration": 1588242543747,
      "repeatPanelId": 2,
      "scopedVars": {
        "difficulties": {
          "selected": true,
          "text": "2",
          "value": "2"
        }
      },
      "sparkline": {
        "fillColor": "rgba(31, 118, 189, 0.18)",
        "full": true,
        "lineColor": "rgb(31, 120, 193)",
        "show": true,
        "ymax": 100,
        "ymin": 0
      },
      "tableColumn": "",
      "targets": [
        {
          "expr": "sum without (category)(juiceshop_challenges_solved{difficulty=\"$difficulties\"}) / sum without (category)(juiceshop_challenges_total{difficulty=\"$difficulties\"}) * 100",
          "legendFormat": "",
          "refId": "A"
        }
      ],
      "thresholds": "20,60",
      "timeFrom": null,
      "timeShift": null,
      "title": "Solved $difficulties Star Challenges",
      "type": "singlestat",
      "valueFontSize": "120%",
      "valueMaps": [
        {
          "op": "=",
          "text": "N/A",
          "value": "null"
        }
      ],
      "valueName": "current"
    },
    {
      "cacheTimeout": null,
      "colorBackground": false,
      "colorPostfix": false,
      "colorPrefix": false,
      "colorValue": true,
      "colors": [
        "#C8F2C2",
        "#56A64B",
        "#37872D"
      ],
      "datasource": "Prometheus",
      "decimals": 0,
      "description": "",
      "format": "percent",
      "gauge": {
        "maxValue": 100,
        "minValue": 0,
        "show": false,
        "thresholdLabels": false,
        "thresholdMarkers": true
      },
      "gridPos": {
        "h": 4,
        "w": 4,
        "x": 8,
        "y": 1
      },
      "id": 93,
      "interval": null,
      "links": [],
      "mappingType": 1,
      "mappingTypes": [
        {
          "name": "value to text",
          "value": 1
        },
        {
          "name": "range to text",
          "value": 2
        }
      ],
      "maxDataPoints": 100,
      "maxPerRow": 6,
      "nullPointMode": "connected",
      "nullText": null,
      "pluginVersion": "6.7.3",
      "postfix": "",
      "postfixFontSize": "50%",
      "prefix": "",
      "prefixFontSize": "50%",
      "rangeMaps": [
        {
          "from": "null",
          "text": "N/A",
          "to": "null"
        }
      ],
      "repeat": null,
      "repeatDirection": "h",
      "repeatIteration": 1588242543747,
      "repeatPanelId": 2,
      "scopedVars": {
        "difficulties": {
          "selected": true,
          "text": "3",
          "value": "3"
        }
      },
      "sparkline": {
        "fillColor": "rgba(31, 118, 189, 0.18)",
        "full": true,
        "lineColor": "rgb(31, 120, 193)",
        "show": true,
        "ymax": 100,
        "ymin": 0
      },
      "tableColumn": "",
      "targets": [
        {
          "expr": "sum without (category)(juiceshop_challenges_solved{difficulty=\"$difficulties\"}) / sum without (category)(juiceshop_challenges_total{difficulty=\"$difficulties\"}) * 100",
          "legendFormat": "",
          "refId": "A"
        }
      ],
      "thresholds": "20,60",
      "timeFrom": null,
      "timeShift": null,
      "title": "Solved $difficulties Star Challenges",
      "type": "singlestat",
      "valueFontSize": "120%",
      "valueMaps": [
        {
          "op": "=",
          "text": "N/A",
          "value": "null"
        }
      ],
      "valueName": "current"
    },
    {
      "cacheTimeout": null,
      "colorBackground": false,
      "colorPostfix": false,
      "colorPrefix": false,
      "colorValue": true,
      "colors": [
        "#C8F2C2",
        "#56A64B",
        "#37872D"
      ],
      "datasource": "Prometheus",
      "decimals": 0,
      "description": "",
      "format": "percent",
      "gauge": {
        "maxValue": 100,
        "minValue": 0,
        "show": false,
        "thresholdLabels": false,
        "thresholdMarkers": true
      },
      "gridPos": {
        "h": 4,
        "w": 4,
        "x": 12,
        "y": 1
      },
      "id": 94,
      "interval": null,
      "links": [],
      "mappingType": 1,
      "mappingTypes": [
        {
          "name": "value to text",
          "value": 1
        },
        {
          "name": "range to text",
          "value": 2
        }
      ],
      "maxDataPoints": 100,
      "maxPerRow": 6,
      "nullPointMode": "connected",
      "nullText": null,
      "pluginVersion": "6.7.3",
      "postfix": "",
      "postfixFontSize": "50%",
      "prefix": "",
      "prefixFontSize": "50%",
      "rangeMaps": [
        {
          "from": "null",
          "text": "N/A",
          "to": "null"
        }
      ],
      "repeat": null,
      "repeatDirection": "h",
      "repeatIteration": 1588242543747,
      "repeatPanelId": 2,
      "scopedVars": {
        "difficulties": {
          "selected": true,
          "text": "4",
          "value": "4"
        }
      },
      "sparkline": {
        "fillColor": "rgba(31, 118, 189, 0.18)",
        "full": true,
        "lineColor": "rgb(31, 120, 193)",
        "show": true,
        "ymax": 100,
        "ymin": 0
      },
      "tableColumn": "",
      "targets": [
        {
          "expr": "sum without (category)(juiceshop_challenges_solved{difficulty=\"$difficulties\"}) / sum without (category)(juiceshop_challenges_total{difficulty=\"$difficulties\"}) * 100",
          "legendFormat": "",
          "refId": "A"
        }
      ],
      "thresholds": "20,60",
      "timeFrom": null,
      "timeShift": null,
      "title": "Solved $difficulties Star Challenges",
      "type": "singlestat",
      "valueFontSize": "120%",
      "valueMaps": [
        {
          "op": "=",
          "text": "N/A",
          "value": "null"
        }
      ],
      "valueName": "current"
    },
    {
      "cacheTimeout": null,
      "colorBackground": false,
      "colorPostfix": false,
      "colorPrefix": false,
      "colorValue": true,
      "colors": [
        "#C8F2C2",
        "#56A64B",
        "#37872D"
      ],
      "datasource": "Prometheus",
      "decimals": 0,
      "description": "",
      "format": "percent",
      "gauge": {
        "maxValue": 100,
        "minValue": 0,
        "show": false,
        "thresholdLabels": false,
        "thresholdMarkers": true
      },
      "gridPos": {
        "h": 4,
        "w": 4,
        "x": 16,
        "y": 1
      },
      "id": 95,
      "interval": null,
      "links": [],
      "mappingType": 1,
      "mappingTypes": [
        {
          "name": "value to text",
          "value": 1
        },
        {
          "name": "range to text",
          "value": 2
        }
      ],
      "maxDataPoints": 100,
      "maxPerRow": 6,
      "nullPointMode": "connected",
      "nullText": null,
      "pluginVersion": "6.7.3",
      "postfix": "",
      "postfixFontSize": "50%",
      "prefix": "",
      "prefixFontSize": "50%",
      "rangeMaps": [
        {
          "from": "null",
          "text": "N/A",
          "to": "null"
        }
      ],
      "repeat": null,
      "repeatDirection": "h",
      "repeatIteration": 1588242543747,
      "repeatPanelId": 2,
      "scopedVars": {
        "difficulties": {
          "selected": true,
          "text": "5",
          "value": "5"
        }
      },
      "sparkline": {
        "fillColor": "rgba(31, 118, 189, 0.18)",
        "full": true,
        "lineColor": "rgb(31, 120, 193)",
        "show": true,
        "ymax": 100,
        "ymin": 0
      },
      "tableColumn": "",
      "targets": [
        {
          "expr": "sum without (category)(juiceshop_challenges_solved{difficulty=\"$difficulties\"}) / sum without (category)(juiceshop_challenges_total{difficulty=\"$difficulties\"}) * 100",
          "legendFormat": "",
          "refId": "A"
        }
      ],
      "thresholds": "20,60",
      "timeFrom": null,
      "timeShift": null,
      "title": "Solved $difficulties Star Challenges",
      "type": "singlestat",
      "valueFontSize": "120%",
      "valueMaps": [
        {
          "op": "=",
          "text": "N/A",
          "value": "null"
        }
      ],
      "valueName": "current"
    },
    {
      "cacheTimeout": null,
      "colorBackground": false,
      "colorPostfix": false,
      "colorPrefix": false,
      "colorValue": true,
      "colors": [
        "#C8F2C2",
        "#56A64B",
        "#37872D"
      ],
      "datasource": "Prometheus",
      "decimals": 0,
      "description": "",
      "format": "percent",
      "gauge": {
        "maxValue": 100,
        "minValue": 0,
        "show": false,
        "thresholdLabels": false,
        "thresholdMarkers": true
      },
      "gridPos": {
        "h": 4,
        "w": 4,
        "x": 20,
        "y": 1
      },
      "id": 96,
      "interval": null,
      "links": [],
      "mappingType": 1,
      "mappingTypes": [
        {
          "name": "value to text",
          "value": 1
        },
        {
          "name": "range to text",
          "value": 2
        }
      ],
      "maxDataPoints": 100,
      "maxPerRow": 6,
      "nullPointMode": "connected",
      "nullText": null,
      "pluginVersion": "6.7.3",
      "postfix": "",
      "postfixFontSize": "50%",
      "prefix": "",
      "prefixFontSize": "50%",
      "rangeMaps": [
        {
          "from": "null",
          "text": "N/A",
          "to": "null"
        }
      ],
      "repeat": null,
      "repeatDirection": "h",
      "repeatIteration": 1588242543747,
      "repeatPanelId": 2,
      "scopedVars": {
        "difficulties": {
          "selected": true,
          "text": "6",
          "value": "6"
        }
      },
      "sparkline": {
        "fillColor": "rgba(31, 118, 189, 0.18)",
        "full": true,
        "lineColor": "rgb(31, 120, 193)",
        "show": true,
        "ymax": 100,
        "ymin": 0
      },
      "tableColumn": "",
      "targets": [
        {
          "expr": "sum without (category)(juiceshop_challenges_solved{difficulty=\"$difficulties\"}) / sum without (category)(juiceshop_challenges_total{difficulty=\"$difficulties\"}) * 100",
          "legendFormat": "",
          "refId": "A"
        }
      ],
      "thresholds": "20,60",
      "timeFrom": null,
      "timeShift": null,
      "title": "Solved $difficulties Star Challenges",
      "type": "singlestat",
      "valueFontSize": "120%",
      "valueMaps": [
        {
          "op": "=",
          "text": "N/A",
          "value": "null"
        }
      ],
      "valueName": "current"
    },
    {
      "datasource": null,
      "gridPos": {
        "h": 4,
        "w": 24,
        "x": 0,
        "y": 5
      },
      "id": 78,
      "maxPerRow": 4,
      "options": {
        "colorMode": "value",
        "fieldOptions": {
          "calcs": [
            "max"
          ],
          "defaults": {
            "mappings": [],
            "max": 100,
            "min": 1,
            "thresholds": {
              "mode": "absolute",
              "steps": [
                {
                  "color": "super-light-green",
                  "value": null
                },
                {
                  "color": "semi-dark-green",
                  "value": 20
                },
                {
                  "color": "dark-green",
                  "value": 60
                }
              ]
            },
            "unit": "percent"
          },
          "overrides": [],
          "values": false
        },
        "graphMode": "area",
        "justifyMode": "center",
        "orientation": "vertical"
      },
      "pluginVersion": "6.7.3",
      "repeat": null,
      "repeatDirection": "h",
      "targets": [
        {
          "expr": "sum by (category)(juiceshop_challenges_solved{}) / sum by (category)(juiceshop_challenges_total{}) * 100 != 0",
          "interval": "",
          "legendFormat": "{{category}} ",
          "refId": "A"
        }
      ],
      "timeFrom": null,
      "timeShift": null,
      "title": "Solved Challenges by Category",
      "type": "stat"
    },
    {
      "collapsed": true,
      "datasource": null,
      "gridPos": {
        "h": 1,
        "w": 24,
        "x": 0,
        "y": 9
      },
      "id": 32,
      "panels": [
        {
          "aliasColors": {},
          "bars": false,
          "dashLength": 10,
          "dashes": false,
          "datasource": null,
          "fill": 1,
          "fillGradient": 0,
          "gridPos": {
            "h": 5,
            "w": 24,
            "x": 0,
            "y": 10
          },
          "hiddenSeries": false,
          "id": 11,
          "legend": {
            "avg": false,
            "current": true,
            "max": false,
            "min": false,
            "show": true,
            "total": false,
            "values": true
          },
          "lines": true,
          "linewidth": 1,
          "nullPointMode": "null",
          "options": {
            "dataLinks": []
          },
          "percentage": false,
          "pointradius": 2,
          "points": false,
          "renderer": "flot",
          "seriesOverrides": [],
          "spaceLength": 10,
          "stack": false,
          "steppedLine": false,
          "targets": [
            {
              "expr": "juiceshop_user_social_interactions{}",
              "interval": "1m",
              "legendFormat": "{{type}}",
              "refId": "A"
            }
          ],
          "thresholds": [],
          "timeFrom": null,
          "timeRegions": [],
          "timeShift": null,
          "title": "Social Interactions",
          "tooltip": {
            "shared": true,
            "sort": 0,
            "value_type": "individual"
          },
          "type": "graph",
          "xaxis": {
            "buckets": null,
            "mode": "time",
            "name": null,
            "show": true,
            "values": []
          },
          "yaxes": [
            {
              "decimals": 0,
              "format": "short",
              "label": "",
              "logBase": 1,
              "max": null,
              "min": "0",
              "show": true
            },
            {
              "format": "short",
              "label": "",
              "logBase": 1,
              "max": null,
              "min": null,
              "show": true
            }
          ],
          "yaxis": {
            "align": false,
            "alignLevel": null
          }
        },
        {
          "aliasColors": {},
          "bars": true,
          "dashLength": 10,
          "dashes": false,
          "datasource": null,
          "fill": 1,
          "fillGradient": 0,
          "gridPos": {
            "h": 6,
            "w": 9,
            "x": 0,
            "y": 15
          },
          "hiddenSeries": false,
          "id": 64,
          "legend": {
            "avg": false,
            "current": false,
            "max": false,
            "min": false,
            "show": true,
            "total": false,
            "values": false
          },
          "lines": false,
          "linewidth": 1,
          "nullPointMode": "null",
          "options": {
            "dataLinks": []
          },
          "percentage": false,
          "pointradius": 2,
          "points": false,
          "renderer": "flot",
          "seriesOverrides": [],
          "spaceLength": 10,
          "stack": false,
          "steppedLine": false,
          "targets": [
            {
              "expr": "increase(juiceshop_users_registered{}[1m])",
              "legendFormat": "{{type}}",
              "refId": "A"
            }
          ],
          "thresholds": [],
          "timeFrom": null,
          "timeRegions": [],
          "timeShift": null,
          "title": "User Signups",
          "tooltip": {
            "shared": true,
            "sort": 0,
            "value_type": "individual"
          },
          "type": "graph",
          "xaxis": {
            "buckets": null,
            "mode": "time",
            "name": null,
            "show": true,
            "values": []
          },
          "yaxes": [
            {
              "decimals": 0,
              "format": "short",
              "label": "",
              "logBase": 1,
              "max": null,
              "min": "0",
              "show": true
            },
            {
              "format": "short",
              "label": null,
              "logBase": 1,
              "max": null,
              "min": null,
              "show": true
            }
          ],
          "yaxis": {
            "align": false,
            "alignLevel": null
          }
        },
        {
          "cacheTimeout": null,
          "colorBackground": false,
          "colorPrefix": false,
          "colorValue": true,
          "colors": [
            "#d44a3a",
            "rgba(237, 129, 40, 0.89)",
            "#299c46"
          ],
          "datasource": null,
          "format": "none",
          "gauge": {
            "maxValue": 100,
            "minValue": 0,
            "show": false,
            "thresholdLabels": false,
            "thresholdMarkers": true
          },
          "gridPos": {
            "h": 6,
            "w": 4,
            "x": 9,
            "y": 15
          },
          "id": 97,
          "interval": null,
          "links": [],
          "mappingType": 1,
          "mappingTypes": [
            {
              "name": "value to text",
              "value": 1
            },
            {
              "name": "range to text",
              "value": 2
            }
          ],
          "maxDataPoints": 100,
          "nullPointMode": "connected",
          "nullText": null,
          "pluginVersion": "6.7.3",
          "postfix": " Orders placed",
          "postfixFontSize": "50%",
          "prefix": "",
          "prefixFontSize": "50%",
          "rangeMaps": [
            {
              "from": "null",
              "text": "N/A",
              "to": "null"
            }
          ],
          "sparkline": {
            "fillColor": "rgba(31, 118, 189, 0.18)",
            "full": false,
            "lineColor": "rgb(31, 120, 193)",
            "show": true,
            "ymax": null,
            "ymin": null
          },
          "tableColumn": "",
          "targets": [
            {
              "expr": "juiceshop_orders_placed_total",
              "instant": false,
              "interval": "1m",
              "intervalFactor": 1,
              "legendFormat": "",
              "refId": "A"
            }
          ],
          "thresholds": "10,25,100",
          "timeFrom": null,
          "timeShift": null,
          "title": "Conversion Rate",
          "type": "singlestat",
          "valueFontSize": "200%",
          "valueMaps": [
            {
              "op": "=",
              "text": "N/A",
              "value": "null"
            }
          ],
          "valueName": "current"
        },
        {
          "cacheTimeout": null,
          "colorBackground": false,
          "colorPrefix": false,
          "colorValue": true,
          "colors": [
            "#d44a3a",
            "rgba(237, 129, 40, 0.89)",
            "#299c46"
          ],
          "datasource": null,
          "decimals": 2,
          "format": "none",
          "gauge": {
            "maxValue": 100,
            "minValue": 0,
            "show": false,
            "thresholdLabels": false,
            "thresholdMarkers": true
          },
          "gridPos": {
            "h": 6,
            "w": 5,
            "x": 13,
            "y": 15
          },
          "id": 98,
          "interval": null,
          "links": [],
          "mappingType": 1,
          "mappingTypes": [
            {
              "name": "value to text",
              "value": 1
            },
            {
              "name": "range to text",
              "value": 2
            }
          ],
          "maxDataPoints": 100,
          "nullPointMode": "connected",
          "nullText": null,
          "pluginVersion": "6.7.3",
          "postfix": "¤",
          "postfixFontSize": "100%",
          "prefix": "",
          "prefixFontSize": "50%",
          "rangeMaps": [
            {
              "from": "null",
              "text": "N/A",
              "to": "null"
            }
          ],
          "sparkline": {
            "fillColor": "rgba(31, 118, 189, 0.18)",
            "full": false,
            "lineColor": "rgb(31, 120, 193)",
            "show": true,
            "ymax": null,
            "ymin": null
          },
          "tableColumn": "",
          "targets": [
            {
              "expr": "juiceshop_wallet_balance_total",
              "instant": false,
              "interval": "1m",
              "intervalFactor": 1,
              "legendFormat": "",
              "refId": "A"
            }
          ],
          "thresholds": "100,5000",
          "timeFrom": null,
          "timeShift": null,
          "title": "Digital Wallets Total",
          "type": "singlestat",
          "valueFontSize": "120%",
          "valueMaps": [
            {
              "op": "=",
              "text": "N/A",
              "value": "null"
            }
          ],
          "valueName": "current"
        },
        {
          "cacheTimeout": null,
          "colorBackground": false,
          "colorValue": false,
          "colors": [
            "#299c46",
            "rgba(237, 129, 40, 0.89)",
            "#d44a3a"
          ],
          "datasource": null,
          "decimals": 0,
          "format": "none",
          "gauge": {
            "maxValue": 100,
            "minValue": 0,
            "show": false,
            "thresholdLabels": false,
            "thresholdMarkers": true
          },
          "gridPos": {
            "h": 3,
            "w": 6,
            "x": 18,
            "y": 15
          },
          "id": 13,
          "interval": null,
          "links": [],
          "mappingType": 1,
          "mappingTypes": [
            {
              "name": "value to text",
              "value": 1
            },
            {
              "name": "range to text",
              "value": 2
            }
          ],
          "maxDataPoints": 100,
          "nullPointMode": "connected",
          "nullText": null,
          "pluginVersion": "6.7.3",
          "postfix": " Standard Users",
          "postfixFontSize": "50%",
          "prefix": "",
          "prefixFontSize": "50%",
          "rangeMaps": [
            {
              "from": "null",
              "text": "N/A",
              "to": "null"
            }
          ],
          "sparkline": {
            "fillColor": "rgba(31, 118, 189, 0.18)",
            "full": false,
            "lineColor": "rgb(31, 120, 193)",
            "show": true,
            "ymax": null,
            "ymin": null
          },
          "tableColumn": "",
          "targets": [
            {
              "expr": "juiceshop_users_registered{type=\"standard\"}",
              "refId": "A"
            }
          ],
          "thresholds": "",
          "timeFrom": null,
          "timeShift": null,
          "title": "Customer Base",
          "type": "singlestat",
          "valueFontSize": "80%",
          "valueMaps": [
            {
              "op": "=",
              "text": "N/A",
              "value": "null"
            }
          ],
          "valueName": "current"
        },
        {
          "cacheTimeout": null,
          "colorBackground": false,
          "colorValue": false,
          "colors": [
            "#299c46",
            "rgba(237, 129, 40, 0.89)",
            "#d44a3a"
          ],
          "datasource": null,
          "decimals": 0,
          "format": "none",
          "gauge": {
            "maxValue": 100,
            "minValue": 0,
            "show": false,
            "thresholdLabels": false,
            "thresholdMarkers": true
          },
          "gridPos": {
            "h": 3,
            "w": 6,
            "x": 18,
            "y": 18
          },
          "id": 14,
          "interval": null,
          "links": [],
          "mappingType": 1,
          "mappingTypes": [
            {
              "name": "value to text",
              "value": 1
            },
            {
              "name": "range to text",
              "value": 2
            }
          ],
          "maxDataPoints": 100,
          "nullPointMode": "connected",
          "nullText": null,
          "pluginVersion": "6.7.3",
          "postfix": " Deluxe Users",
          "postfixFontSize": "50%",
          "prefix": "",
          "prefixFontSize": "50%",
          "rangeMaps": [
            {
              "from": "null",
              "text": "N/A",
              "to": "null"
            }
          ],
          "sparkline": {
            "fillColor": "rgba(31, 118, 189, 0.18)",
            "full": false,
            "lineColor": "rgb(31, 120, 193)",
            "show": true,
            "ymax": null,
            "ymin": null
          },
          "tableColumn": "",
          "targets": [
            {
              "expr": "juiceshop_users_registered{type=\"deluxe\"}",
              "refId": "A"
            }
          ],
          "thresholds": "",
          "timeFrom": null,
          "timeShift": null,
          "title": "",
          "type": "singlestat",
          "valueFontSize": "80%",
          "valueMaps": [
            {
              "op": "=",
              "text": "N/A",
              "value": "null"
            }
          ],
          "valueName": "current"
        }
      ],
      "title": "Business Metrics",
      "type": "row"
    },
    {
      "collapsed": false,
      "datasource": null,
      "gridPos": {
        "h": 1,
        "w": 24,
        "x": 0,
        "y": 10
      },
      "id": 39,
      "panels": [],
      "title": "Technical",
      "type": "row"
    },
    {
      "aliasColors": {},
      "bars": true,
      "dashLength": 10,
      "dashes": false,
      "datasource": null,
      "fill": 1,
      "fillGradient": 0,
      "gridPos": {
        "h": 6,
        "w": 24,
        "x": 0,
        "y": 11
      },
      "hiddenSeries": false,
      "id": 71,
      "legend": {
        "avg": false,
        "current": false,
        "max": false,
        "min": false,
        "show": true,
        "total": false,
        "values": false
      },
      "lines": false,
      "linewidth": 1,
      "nullPointMode": "null",
      "options": {
        "dataLinks": []
      },
      "percentage": false,
      "pointradius": 2,
      "points": false,
      "renderer": "flot",
      "seriesOverrides": [
        {
          "alias": "2XX",
          "color": "#37872D"
        },
        {
          "alias": "3XX",
          "color": "#96D98D"
        },
        {
          "alias": "4XX",
          "color": "#FF780A"
        },
        {
          "alias": "5XX",
          "color": "#C4162A"
        }
      ],
      "spaceLength": 10,
      "stack": false,
      "steppedLine": false,
      "targets": [
        {
          "expr": "increase(http_requests_count{app=\"juiceshop\"}[1m])",
          "interval": "1m",
          "legendFormat": "{{status_code}}",
          "refId": "A"
        }
      ],
      "thresholds": [],
      "timeFrom": null,
      "timeRegions": [],
      "timeShift": null,
      "title": "HTTP Requests",
      "tooltip": {
        "shared": true,
        "sort": 0,
        "value_type": "individual"
      },
      "type": "graph",
      "xaxis": {
        "buckets": null,
        "mode": "time",
        "name": null,
        "show": true,
        "values": []
      },
      "yaxes": [
        {
          "format": "short",
          "label": "Requests per Minute",
          "logBase": 1,
          "max": null,
          "min": null,
          "show": true
        },
        {
          "format": "short",
          "label": null,
          "logBase": 1,
          "max": null,
          "min": null,
          "show": true
        }
      ],
      "yaxis": {
        "align": false,
        "alignLevel": null
      }
    },
    {
      "cacheTimeout": null,
      "datasource": null,
      "gridPos": {
        "h": 5,
        "w": 9,
        "x": 0,
        "y": 17
      },
      "id": 90,
      "links": [],
      "options": {
        "fieldOptions": {
          "calcs": [
            "mean"
          ],
          "defaults": {
            "mappings": [],
            "thresholds": {
              "mode": "absolute",
              "steps": [
                {
                  "color": "green",
                  "value": null
                },
                {
                  "color": "yellow",
                  "value": 50
                },
                {
                  "color": "red",
                  "value": 100
                }
              ]
            },
            "title": "",
            "unit": "none"
          },
          "overrides": [],
          "values": false
        },
        "orientation": "auto",
        "showThresholdLabels": false,
        "showThresholdMarkers": true
      },
      "pluginVersion": "6.7.3",
      "targets": [
        {
          "expr": "rate(file_uploads_count[1h]) * 3600",
          "instant": false,
          "interval": "1m",
          "intervalFactor": 1,
          "legendFormat": "{{file_type}}",
          "refId": "A"
        }
      ],
      "timeFrom": null,
      "timeShift": null,
      "title": "File Uploads",
      "type": "gauge"
    },
    {
      "cacheTimeout": null,
      "datasource": null,
      "gridPos": {
        "h": 5,
        "w": 15,
        "x": 9,
        "y": 17
      },
      "id": 91,
      "links": [],
      "options": {
        "fieldOptions": {
          "calcs": [
            "mean"
          ],
          "defaults": {
            "mappings": [],
            "thresholds": {
              "mode": "absolute",
              "steps": [
                {
                  "color": "green",
                  "value": null
                },
                {
                  "color": "yellow",
                  "value": 5
                },
                {
                  "color": "red",
                  "value": 10
                }
              ]
            },
            "title": "",
            "unit": "short"
          },
          "overrides": [],
          "values": false
        },
        "orientation": "auto",
        "showThresholdLabels": false,
        "showThresholdMarkers": true
      },
      "pluginVersion": "6.7.3",
      "targets": [
        {
          "expr": "rate(file_upload_errors[1h]) * 3600",
          "interval": "1m",
          "intervalFactor": 1,
          "legendFormat": "{{file_type}}",
          "refId": "A"
        }
      ],
      "timeFrom": null,
      "timeShift": null,
      "title": "File Upload Errors",
      "type": "gauge"
    },
    {
      "aliasColors": {},
      "bars": false,
      "dashLength": 10,
      "dashes": false,
      "datasource": "Prometheus",
      "fill": 1,
      "fillGradient": 0,
      "gridPos": {
        "h": 10,
        "w": 9,
        "x": 0,
        "y": 22
      },
      "hiddenSeries": false,
      "id": 46,
      "legend": {
        "alignAsTable": true,
        "avg": true,
        "current": true,
        "max": true,
        "min": true,
        "show": true,
        "total": false,
        "values": true
      },
      "lines": true,
      "linewidth": 1,
      "links": [],
      "nullPointMode": "null",
      "options": {
        "dataLinks": []
      },
      "paceLength": 10,
      "percentage": false,
      "pointradius": 2,
      "points": false,
      "renderer": "flot",
      "seriesOverrides": [],
      "spaceLength": 10,
      "stack": false,
      "steppedLine": false,
      "targets": [
        {
          "expr": "irate(process_cpu_user_seconds_total{}[2m]) * 100",
          "format": "time_series",
          "intervalFactor": 1,
          "legendFormat": "User CPU",
          "refId": "A"
        },
        {
          "expr": "irate(process_cpu_system_seconds_total{}[2m]) * 100",
          "format": "time_series",
          "intervalFactor": 1,
          "legendFormat": "Sys CPU",
          "refId": "B"
        }
      ],
      "thresholds": [],
      "timeFrom": null,
      "timeRegions": [],
      "timeShift": null,
      "title": "Process CPU Usage",
      "tooltip": {
        "shared": true,
        "sort": 0,
        "value_type": "individual"
      },
      "type": "graph",
      "xaxis": {
        "buckets": null,
        "mode": "time",
        "name": null,
        "show": true,
        "values": []
      },
      "yaxes": [
        {
          "format": "percent",
          "label": null,
          "logBase": 1,
          "max": null,
          "min": null,
          "show": true
        },
        {
          "format": "short",
          "label": null,
          "logBase": 1,
          "max": null,
          "min": null,
          "show": true
        }
      ],
      "yaxis": {
        "align": false,
        "alignLevel": null
      }
    },
    {
      "aliasColors": {},
      "bars": false,
      "dashLength": 10,
      "dashes": false,
      "datasource": "Prometheus",
      "fill": 1,
      "fillGradient": 0,
      "gridPos": {
        "h": 10,
        "w": 7,
        "x": 9,
        "y": 22
      },
      "hiddenSeries": false,
      "id": 48,
      "legend": {
        "alignAsTable": true,
        "avg": true,
        "current": true,
        "max": true,
        "min": true,
        "show": true,
        "total": false,
        "values": true
      },
      "lines": true,
      "linewidth": 1,
      "links": [],
      "nullPointMode": "null",
      "options": {
        "dataLinks": []
      },
      "paceLength": 10,
      "percentage": false,
      "pointradius": 2,
      "points": false,
      "renderer": "flot",
      "seriesOverrides": [],
      "spaceLength": 10,
      "stack": false,
      "steppedLine": false,
      "targets": [
        {
          "expr": "nodejs_eventloop_lag_seconds{}",
          "format": "time_series",
          "intervalFactor": 1,
          "refId": "A"
        }
      ],
      "thresholds": [],
      "timeFrom": null,
      "timeRegions": [],
      "timeShift": null,
      "title": "Event Loop Lag",
      "tooltip": {
        "shared": true,
        "sort": 0,
        "value_type": "individual"
      },
      "type": "graph",
      "xaxis": {
        "buckets": null,
        "mode": "time",
        "name": null,
        "show": true,
        "values": []
      },
      "yaxes": [
        {
          "format": "s",
          "label": null,
          "logBase": 1,
          "max": null,
          "min": null,
          "show": true
        },
        {
          "format": "short",
          "label": null,
          "logBase": 1,
          "max": null,
          "min": null,
          "show": true
        }
      ],
      "yaxis": {
        "align": false,
        "alignLevel": null
      }
    },
    {
      "cacheTimeout": null,
      "colorBackground": false,
      "colorValue": false,
      "colors": [
        "#299c46",
        "rgba(237, 129, 40, 0.89)",
        "#d44a3a"
      ],
      "datasource": "Prometheus",
      "format": "none",
      "gauge": {
        "maxValue": 100,
        "minValue": 0,
        "show": false,
        "thresholdLabels": false,
        "thresholdMarkers": true
      },
      "gridPos": {
        "h": 6,
        "w": 5,
        "x": 16,
        "y": 22
      },
      "id": 52,
      "interval": null,
      "links": [],
      "mappingType": 1,
      "mappingTypes": [
        {
          "name": "value to text",
          "value": 1
        },
        {
          "name": "range to text",
          "value": 2
        }
      ],
      "maxDataPoints": 100,
      "nullPointMode": "connected",
      "nullText": null,
      "postfix": "",
      "postfixFontSize": "50%",
      "prefix": "",
      "prefixFontSize": "50%",
      "rangeMaps": [
        {
          "from": "null",
          "text": "N/A",
          "to": "null"
        }
      ],
      "sparkline": {
        "fillColor": "rgba(31, 118, 189, 0.18)",
        "full": false,
        "lineColor": "#F2495C",
        "show": true
      },
      "tableColumn": "",
      "targets": [
        {
          "expr": "sum(changes(process_start_time_seconds{}[1m]))",
          "format": "time_series",
          "intervalFactor": 1,
          "legendFormat": "{{instance}}",
          "refId": "A"
        }
      ],
      "thresholds": "",
      "timeFrom": null,
      "timeShift": null,
      "title": "Process Restart Times",
      "type": "singlestat",
      "valueFontSize": "80%",
      "valueMaps": [
        {
          "op": "=",
          "text": "N/A",
          "value": "null"
        }
      ],
      "valueName": "current"
    },
    {
      "cacheTimeout": null,
      "colorBackground": false,
      "colorValue": false,
      "colors": [
        "#299c46",
        "rgba(237, 129, 40, 0.89)",
        "#d44a3a"
      ],
      "datasource": "Prometheus",
      "format": "none",
      "gauge": {
        "maxValue": 100,
        "minValue": 0,
        "show": false,
        "thresholdLabels": false,
        "thresholdMarkers": true
      },
      "gridPos": {
        "h": 3,
        "w": 3,
        "x": 21,
        "y": 22
      },
      "id": 84,
      "interval": "",
      "links": [],
      "mappingType": 1,
      "mappingTypes": [
        {
          "name": "value to text",
          "value": 1
        },
        {
          "name": "range to text",
          "value": 2
        }
      ],
      "maxDataPoints": 100,
      "nullPointMode": "connected",
      "nullText": null,
      "postfix": "",
      "postfixFontSize": "50%",
      "prefix": "",
      "prefixFontSize": "50%",
      "rangeMaps": [
        {
          "from": "null",
          "text": "N/A",
          "to": "null"
        }
      ],
      "sparkline": {
        "fillColor": "rgba(31, 118, 189, 0.18)",
        "full": false,
        "lineColor": "rgb(31, 120, 193)",
        "show": false
      },
      "tableColumn": "",
      "targets": [
        {
          "expr": "sum(juiceshop_version_info{}) by (version)",
          "format": "time_series",
          "instant": false,
          "interval": "",
          "intervalFactor": 1,
          "legendFormat": "{{version}}",
          "refId": "A"
        }
      ],
      "thresholds": "",
      "timeFrom": null,
      "timeShift": null,
      "title": "Juice Shop Version",
      "type": "singlestat",
      "valueFontSize": "80%",
      "valueMaps": [
        {
          "op": "=",
          "text": "N/A",
          "value": "null"
        }
      ],
      "valueName": "name"
    },
    {
      "cacheTimeout": null,
      "colorBackground": false,
      "colorValue": false,
      "colors": [
        "#299c46",
        "rgba(237, 129, 40, 0.89)",
        "#d44a3a"
      ],
      "datasource": "Prometheus",
      "format": "none",
      "gauge": {
        "maxValue": 100,
        "minValue": 0,
        "show": false,
        "thresholdLabels": false,
        "thresholdMarkers": true
      },
      "gridPos": {
        "h": 3,
        "w": 3,
        "x": 21,
        "y": 25
      },
      "id": 50,
      "interval": "",
      "links": [],
      "mappingType": 1,
      "mappingTypes": [
        {
          "name": "value to text",
          "value": 1
        },
        {
          "name": "range to text",
          "value": 2
        }
      ],
      "maxDataPoints": 100,
      "nullPointMode": "connected",
      "nullText": null,
      "postfix": "",
      "postfixFontSize": "50%",
      "prefix": "",
      "prefixFontSize": "50%",
      "rangeMaps": [
        {
          "from": "null",
          "text": "N/A",
          "to": "null"
        }
      ],
      "sparkline": {
        "fillColor": "rgba(31, 118, 189, 0.18)",
        "full": false,
        "lineColor": "rgb(31, 120, 193)",
        "show": false
      },
      "tableColumn": "",
      "targets": [
        {
          "expr": "sum(nodejs_version_info{}) by (version)",
          "format": "time_series",
          "instant": false,
          "interval": "",
          "intervalFactor": 1,
          "legendFormat": "{{version}}",
          "refId": "A"
        }
      ],
      "thresholds": "",
      "timeFrom": null,
      "timeShift": null,
      "title": "Node.js Version",
      "type": "singlestat",
      "valueFontSize": "80%",
      "valueMaps": [
        {
          "op": "=",
          "text": "N/A",
          "value": "null"
        }
      ],
      "valueName": "name"
    },
    {
      "aliasColors": {},
      "bars": false,
      "dashLength": 10,
      "dashes": false,
      "datasource": "Prometheus",
      "fill": 1,
      "fillGradient": 0,
      "gridPos": {
        "h": 11,
        "w": 8,
        "x": 16,
        "y": 28
      },
      "hiddenSeries": false,
      "id": 56,
      "legend": {
        "alignAsTable": true,
        "avg": true,
        "current": true,
        "max": true,
        "min": true,
        "show": true,
        "total": false,
        "values": true
      },
      "lines": true,
      "linewidth": 1,
      "links": [],
      "nullPointMode": "null",
      "options": {
        "dataLinks": []
      },
      "paceLength": 10,
      "percentage": false,
      "pointradius": 2,
      "points": false,
      "renderer": "flot",
      "seriesOverrides": [],
      "spaceLength": 10,
      "stack": false,
      "steppedLine": false,
      "targets": [
        {
          "expr": "nodejs_active_handles_total{}",
          "format": "time_series",
          "intervalFactor": 1,
          "legendFormat": "Active Handler",
          "refId": "A"
        },
        {
          "expr": "nodejs_active_requests_total{}",
          "format": "time_series",
          "intervalFactor": 1,
          "legendFormat": "Active Request",
          "refId": "B"
        }
      ],
      "thresholds": [],
      "timeFrom": null,
      "timeRegions": [],
      "timeShift": null,
      "title": "Active Handlers/Requests Total",
      "tooltip": {
        "shared": true,
        "sort": 0,
        "value_type": "individual"
      },
      "type": "graph",
      "xaxis": {
        "buckets": null,
        "mode": "time",
        "name": null,
        "show": true,
        "values": []
      },
      "yaxes": [
        {
          "format": "short",
          "label": null,
          "logBase": 1,
          "max": null,
          "min": null,
          "show": true
        },
        {
          "format": "short",
          "label": null,
          "logBase": 1,
          "max": null,
          "min": null,
          "show": true
        }
      ],
      "yaxis": {
        "align": false,
        "alignLevel": null
      }
    },
    {
      "aliasColors": {},
      "bars": false,
      "dashLength": 10,
      "dashes": false,
      "datasource": "Prometheus",
      "fill": 1,
      "fillGradient": 0,
      "gridPos": {
        "h": 7,
        "w": 16,
        "x": 0,
        "y": 32
      },
      "hiddenSeries": false,
      "id": 54,
      "legend": {
        "alignAsTable": true,
        "avg": true,
        "current": true,
        "max": true,
        "min": true,
        "rightSide": true,
        "show": true,
        "total": false,
        "values": true
      },
      "lines": true,
      "linewidth": 1,
      "links": [],
      "nullPointMode": "null",
      "options": {
        "dataLinks": []
      },
      "paceLength": 10,
      "percentage": false,
      "pointradius": 2,
      "points": false,
      "renderer": "flot",
      "seriesOverrides": [],
      "spaceLength": 10,
      "stack": false,
      "steppedLine": false,
      "targets": [
        {
          "expr": "process_resident_memory_bytes{}",
          "format": "time_series",
          "intervalFactor": 1,
          "legendFormat": "Process Memory",
          "refId": "A"
        },
        {
          "expr": "nodejs_heap_size_total_bytes{}",
          "format": "time_series",
          "intervalFactor": 1,
          "legendFormat": "Heap Total",
          "refId": "B"
        },
        {
          "expr": "nodejs_heap_size_used_bytes{}",
          "format": "time_series",
          "intervalFactor": 1,
          "legendFormat": "Heap Used",
          "refId": "C"
        },
        {
          "expr": "nodejs_external_memory_bytes{}",
          "format": "time_series",
          "intervalFactor": 1,
          "legendFormat": "External Memory",
          "refId": "D"
        }
      ],
      "thresholds": [],
      "timeFrom": null,
      "timeRegions": [],
      "timeShift": null,
      "title": "Process Memory Usage",
      "tooltip": {
        "shared": true,
        "sort": 0,
        "value_type": "individual"
      },
      "type": "graph",
      "xaxis": {
        "buckets": null,
        "mode": "time",
        "name": null,
        "show": true,
        "values": []
      },
      "yaxes": [
        {
          "format": "bytes",
          "label": null,
          "logBase": 1,
          "max": null,
          "min": null,
          "show": true
        },
        {
          "format": "short",
          "label": null,
          "logBase": 1,
          "max": null,
          "min": null,
          "show": true
        }
      ],
      "yaxis": {
        "align": false,
        "alignLevel": null
      }
    }
  ],
  "refresh": "10s",
  "schemaVersion": 22,
  "style": "dark",
  "tags": [],
  "templating": {
    "list": [
      {
        "allValue": null,
        "current": {
          "text": "1 + 2 + 3 + 4 + 5 + 6",
          "value": [
            "1",
            "2",
            "3",
            "4",
            "5",
            "6"
          ]
        },
        "hide": 2,
        "includeAll": true,
        "label": "Difficulty Levels supported by JuiceShop",
        "multi": true,
        "name": "difficulties",
        "options": [
          {
            "selected": false,
            "text": "All",
            "value": "$__all"
          },
          {
            "selected": true,
            "text": "1",
            "value": "1"
          },
          {
            "selected": true,
            "text": "2",
            "value": "2"
          },
          {
            "selected": true,
            "text": "3",
            "value": "3"
          },
          {
            "selected": true,
            "text": "4",
            "value": "4"
          },
          {
            "selected": true,
            "text": "5",
            "value": "5"
          },
          {
            "selected": true,
            "text": "6",
            "value": "6"
          }
        ],
        "query": "1,2,3,4,5,6",
        "skipUrlSync": false,
        "type": "custom"
      }
    ]
  },
  "time": {
    "from": "now-1h",
    "to": "now"
  },
  "timepicker": {
    "refresh_intervals": [
      "5s",
      "10s",
      "30s",
      "1m",
      "5m",
      "15m",
      "30m",
      "1h",
      "2h",
      "1d"
    ]
  },
  "timezone": "",
  "title": "Juice Shop Instance Status",
  "uid": "Sj-cIdwZk",
  "variables": {
    "list": []
  },
  "version": 6
}